video,type,n_paires,mean_velocity_mean,max_velocity_mean,direction_mean,spatial_correlation_mean,vorticity_mean,divergence_mean,elongation_mean,dispersion_angle_mean,expansion_rate_mean,mean_velocity_std,max_velocity_std,direction_std,spatial_correlation_std,vorticity_std,divergence_std,elongation_std,dispersion_angle_std,expansion_rate_std
Bac_1.MP4,bacteria,35,25.7449,54.8895,163.2613,0.5131,0.2669,0.4531,2.3093,66.6853,0.1609,9.6392,23.2074,95.8139,0.322,0.2417,0.4182,0.6641,18.4456,0.804
Bac_2.MP4,bacteria,47,30.8481,65.9524,202.6267,0.3662,0.3296,0.5013,1.757,52.0972,0.0905,10.0617,23.7037,99.0581,0.3316,0.3052,0.4447,0.4503,23.8992,0.4965
Bac_3.MP4,bacteria,39,22.7172,60.7593,181.7335,0.4876,0.2873,0.5406,2.0941,58.0573,0.0059,5.7451,19.1763,94.3835,0.2516,0.26,0.4233,0.1879,12.4187,0.0633
Bac_4.MP4,bacteria,33,26.7916,45.6467,158.8568,0.7479,0.2754,0.3634,1.7774,58.8614,7.7307,11.3278,20.1337,105.3539,0.206,0.2106,0.4062,0.4776,24.1262,31.9368
Bac_5.MP4,bacteria,68,26.9968,59.1018,227.2223,0.4639,0.2855,0.4698,1.8373,54.8876,2.4621,9.3443,21.8927,86.6702,0.3084,0.2436,0.4475,0.5721,24.1717,10.1507
Bac_6.MP4,bacteria,61,26.0949,52.7327,187.3304,0.5343,0.2488,0.3811,1.7257,48.0682,0.5184,11.1125,23.9147,104.5197,0.2887,0.2327,0.328,0.4513,32.5037,1.561
Bac_7.MP4,bacteria,57,28.8705,64.9807,190.0494,0.3668,0.3225,0.3741,1.9876,51.6479,1.0971,9.1117,22.374,93.7332,0.2837,0.2904,0.3431,0.7691,23.357,3.5002
Bac_8.MP4,bacteria,14,29.1067,82.0084,186.8261,0.1455,0.0797,0.1172,1.8008,64.2021,0.0879,3.8957,6.7592,93.3918,0.1083,0.0641,0.0702,0.8149,22.2924,0.3089
Bac_9.MP4,bacteria,60,32.4004,78.7973,180.967,0.2208,0.0815,0.0816,2.7363,36.323,0.0238,5.1655,12.0151,88.3436,0.2253,0.0597,0.0641,0.885,16.8032,0.183
Bac_10.MP4,bacteria,39,34.7719,78.9038,230.1501,0.2194,0.0741,0.1085,2.0011,24.3346,0.1959,5.2928,15.5783,75.8018,0.2851,0.0613,0.085,0.5163,15.8663,0.928
Bac_11.MP4,bacteria,59,33.367,80.1242,185.7579,0.1941,0.0696,0.1158,2.1733,43.9923,0.1668,5.2875,12.0128,106.6228,0.1843,0.0591,0.0814,0.8487,22.8684,0.7801
Bac_12.MP4,bacteria,36,29.2712,78.9002,187.7725,0.2086,0.0689,0.1291,1.406,51.2433,-0.0341,4.8084,11.4441,87.9991,0.1841,0.0627,0.0981,0.1885,15.3126,0.1014
Bac_13.MP4,bacteria,38,29.3765,68.7237,224.2351,0.3735,0.0652,0.0915,5.5165,9.3488,0.1229,7.8665,19.7744,93.1447,0.2876,0.0593,0.0685,3.4518,20.7099,0.5145
Bac_14.MP4,bacteria,62,29.0868,70.4302,167.3406,0.3354,0.0684,0.0802,2.0068,44.4595,0.043,8.3247,21.274,102.6765,0.2677,0.0579,0.0558,0.3177,11.6718,0.3539
Bac_15.MP4,bacteria,38,28.8337,79.3803,187.1472,0.2116,0.0947,0.1026,2.0462,26.7833,0.1174,6.3463,14.49,88.8691,0.1563,0.0725,0.0976,1.1258,22.8974,0.4636
Bac_16.MP4,bacteria,25,31.4577,81.1448,208.7497,0.1041,0.0791,0.0964,1.8772,41.4886,0.2925,6.4284,15.2014,72.6275,0.0957,0.049,0.0806,0.5402,23.2826,0.8236
Bac_17.MP4,bacteria,41,30.1294,81.2521,181.2934,0.1222,0.0835,0.0829,2.4183,73.6245,0.2197,6.733,12.7443,91.8321,0.097,0.0712,0.0631,1.1055,11.703,1.0384
Bac_18.MP4,bacteria,54,28.8893,79.8696,184.6425,0.1776,0.0748,0.0956,2.939,52.8093,0.2131,6.6587,10.9487,79.604,0.1291,0.0648,0.0793,2.1309,21.9894,0.9732
Bac_19.MP4,bacteria,41,29.7987,73.9884,170.8806,0.2748,0.0599,0.1094,2.7951,64.955,0.0041,8.1608,17.4035,88.5977,0.245,0.0484,0.075,1.5128,17.7523,0.3144
Bac_20.MP4,bacteria,67,23.8744,68.8092,211.2798,0.2886,0.066,0.1016,2.6355,53.4379,0.1585,9.5382,23.2988,95.9626,0.189,0.0562,0.0794,1.2662,19.2009,0.9201
Bac_21.MP4,bacteria,64,27.8184,76.4541,193.3448,0.21,0.0984,0.1165,1.7472,66.2735,0.0285,7.1802,14.7093,92.7213,0.1313,0.0697,0.0723,0.376,17.936,0.2597
Bac_22.MP4,bacteria,26,31.9645,83.7504,200.1453,0.1164,0.0724,0.0904,1.9491,61.2064,0.3766,3.3368,5.3736,93.6353,0.1197,0.049,0.0668,0.6224,25.3024,1.4374
Bac_23.MP4,bacteria,48,14.3381,21.8259,209.7514,0.9007,0.0956,0.1233,2.4653,86.735,-0.0018,7.3936,10.6604,86.8463,0.0603,0.0701,0.1033,0.3189,2.3925,0.0429
Bac_24.MP4,bacteria,54,20.6675,31.388,184.0193,0.8213,0.1374,0.3866,1.6172,45.7713,0.0821,10.5163,13.953,101.0174,0.1795,0.1382,0.2834,0.3844,24.8084,0.4081
Bac_25.MP4,bacteria,62,12.7149,22.2671,206.1288,0.7975,0.0842,0.1543,1.8958,61.642,0.0263,8.1823,14.2564,95.8043,0.1914,0.0759,0.1396,0.4791,25.3831,0.2305
Bac_26.MP4,bacteria,67,21.8508,28.9721,206.8721,0.8982,0.112,0.2421,1.9233,74.4868,0.0189,11.2547,14.5145,88.0634,0.1157,0.1066,0.2159,0.2663,8.808,0.2293
Bac_27.MP4,bacteria,38,29.3918,45.2463,221.5975,0.8374,0.1559,0.5027,1.7002,63.7175,0.0251,11.8271,15.7377,96.8173,0.2011,0.1414,0.4377,0.51,26.6635,0.2771
Bac_28.MP4,bacteria,68,16.5494,25.8005,190.1972,0.8409,0.131,0.2038,1.9747,81.5942,0.0074,8.705,13.6635,106.8818,0.1928,0.1214,0.2698,0.1805,5.4927,0.058
Bac_29.MP4,bacteria,48,19.3133,34.6313,192.2404,0.7278,0.1197,0.2514,1.8365,80.1986,0.0266,10.7823,24.1439,103.4488,0.301,0.1235,0.2711,0.2628,7.6884,0.2813
Bac_30.MP4,bacteria,186,26.2419,60.3218,192.5154,0.3562,0.2761,0.378,2.1036,66.0875,11.8328,13.3138,31.6633,94.9635,0.3755,0.3444,0.4253,0.7957,27.4772,123.9655
Simu_1.MP4,simulation,20,23.284,51.935,172.4413,0.2773,2.331,2.2263,1.9778,45.0838,0.1871,14.2572,28.6222,91.8364,0.2676,3.3365,2.7961,0.5791,20.7293,0.9325
Simu_2.MP4,simulation,38,29.4431,64.8547,190.6129,0.153,2.6976,2.6116,2.5204,52.9641,0.8374,10.8033,22.8526,113.2799,0.1453,2.8339,2.6998,3.2461,30.3942,2.1295
Simu_3.MP4,simulation,37,24.9223,56.971,199.0385,0.2286,2.1284,1.9878,2.5362,59.2068,0.5444,12.1727,26.5111,112.2957,0.2614,1.8646,2.1735,2.8276,28.7847,2.3925
Simu_4.MP4,simulation,36,30.4888,69.3833,191.9896,0.1234,2.3868,2.7257,2.205,47.12,0.5179,9.8389,18.9453,102.375,0.0588,1.9185,2.2413,3.3123,29.8813,1.4095
Simu_5.MP4,simulation,37,27.0856,63.3198,156.1448,0.1649,1.7605,2.0098,2.0529,50.3807,0.4586,11.3409,23.3719,96.3288,0.1712,1.7439,1.4463,1.078,29.6094,1.5638
Simu_6.MP4,simulation,38,26.9388,60.5557,204.143,0.25,1.3949,2.3205,1.9881,48.8047,0.5031,12.4005,28.0848,97.9317,0.2795,1.3315,2.3674,1.6057,26.6954,1.289
Simu_7.MP4,simulation,36,28.2829,65.4563,201.3073,0.2089,1.8361,2.3633,1.9885,54.3998,0.5654,11.2258,24.6288,96.0625,0.2203,1.5762,1.9493,1.8547,25.4055,1.6949
Simu_8.MP4,simulation,66,22.567,57.0214,176.8984,0.2753,1.6028,1.5704,1.752,41.1562,0.4702,12.669,31.1667,98.6733,0.2922,1.6076,1.7282,1.3695,26.5623,1.5348
Simu_9.MP4,simulation,65,22.4179,59.94,168.1591,0.2549,1.6399,1.7053,1.7249,29.8348,0.2875,11.0733,28.8309,106.2012,0.2823,1.4475,1.5313,0.5016,27.3799,0.9286
Simu_10.MP4,simulation,64,22.3549,58.622,200.6972,0.2639,1.5595,1.69,1.8657,42.9241,0.7872,12.4231,31.0613,94.6536,0.3025,1.4998,1.8513,1.6535,26.1052,2.1567
Simu_11.MP4,simulation,82,19.0323,51.7005,190.6299,0.3213,1.4574,1.8403,1.9015,38.5777,0.8939,13.1142,33.2402,90.2417,0.2997,1.4884,1.6863,1.3515,29.1598,2.2435
Simu_12.MP4,simulation,76,24.1906,62.0691,216.4202,0.2335,1.7692,1.7573,1.8819,35.5429,0.4154,11.4339,27.6452,101.069,0.2824,1.6692,1.6869,1.038,26.0648,1.3298
Simu_13.MP4,simulation,93,23.6963,60.911,190.5863,0.2478,1.6354,1.6068,1.703,36.31,1.489,11.3143,28.1532,107.1493,0.2841,1.4764,1.4938,0.6375,31.3328,9.3666
Simu_14.MP4,simulation,94,22.9282,58.2119,181.9392,0.2476,1.8571,1.6378,1.8542,37.2859,1.448,12.4802,31.035,99.3204,0.2832,1.835,1.6159,0.7947,28.7583,8.6991
Simu_15.MP4,simulation,83,26.4445,68.1918,192.692,0.1736,1.9203,2.036,1.6964,37.4492,1.6877,9.2322,21.7466,95.2324,0.1831,1.8451,1.8005,0.5394,30.6984,10.6049
Simu_16.MP4,simulation,71,25.1919,65.9527,203.491,0.182,1.6893,1.7692,1.729,39.3974,0.3966,9.1523,22.7919,98.1366,0.2173,1.5241,1.4756,0.9047,27.5583,1.2715
Simu_17.MP4,simulation,68,25.8643,66.2254,202.113,0.1972,1.765,1.9484,1.7551,44.1838,0.6777,9.4889,22.8725,97.7515,0.2045,1.6701,1.5415,0.4894,30.5093,2.1514
Simu_18.MP4,simulation,77,24.4174,64.3098,176.2183,0.2064,1.9463,1.8844,1.7122,37.9237,0.3078,10.0571,24.2088,114.2049,0.2309,1.6167,1.616,0.6057,28.595,0.9632
Simu_19.MP4,simulation,69,23.9256,62.2575,186.8014,0.2456,1.6391,1.7979,1.7478,37.6353,1.0517,11.0498,27.8666,98.3192,0.2635,1.2844,1.4965,1.4308,27.3246,4.9336
Simu_20.MP4,simulation,71,24.5465,64.8743,180.0206,0.1759,1.7447,1.7234,1.7621,44.3281,0.4145,10.2171,23.8394,105.5164,0.1959,1.6088,1.4793,0.6566,27.282,1.2432
Simu_21.MP4,simulation,69,24.6554,63.7218,195.1661,0.215,1.8186,2.0027,1.8147,40.3569,0.6018,11.0818,26.1221,104.0836,0.2544,1.3962,1.8517,0.9132,31.5411,1.8578
Simu_22.MP4,simulation,78,24.9388,66.1376,170.564,0.1983,1.7618,1.941,1.6604,38.9437,0.3997,9.4526,23.5543,102.0116,0.2117,1.5154,1.8452,0.5756,27.4875,1.201
Simu_23.MP4,simulation,69,26.2689,67.7491,205.7409,0.1897,1.8844,1.9243,1.8047,36.9108,0.5397,8.8485,21.7953,93.7552,0.2085,1.6868,1.5409,0.5457,26.7496,1.6135
Simu_24.MP4,simulation,79,23.8567,60.2211,176.1628,0.2389,1.9621,1.5961,1.7804,34.8917,0.4635,12.1389,29.663,109.9063,0.273,1.7186,1.5343,0.652,27.385,1.6384
Simu_25.MP4,simulation,66,20.9084,55.782,166.4155,0.2697,1.4257,1.9645,1.7527,35.4312,0.6544,12.3316,30.8365,106.2539,0.242,1.4449,1.9853,0.5858,28.4309,1.9661
Simu_26.MP4,simulation,154,23.3286,60.397,191.3806,0.2286,1.575,1.7215,1.7888,37.4579,0.4372,11.7074,28.6313,101.0876,0.2382,1.6227,1.7189,0.6335,27.4143,1.3665
Simu_27.MP4,simulation,71,26.6773,68.9974,187.5913,0.1863,1.9276,2.1268,1.7491,44.8915,0.5538,8.4351,20.202,108.9923,0.1701,1.5375,1.9183,0.8009,29.0228,1.891
Simu_28.MP4,simulation,77,26.9895,68.2775,184.9576,0.1474,1.7965,2.0798,1.6442,43.1634,0.5456,8.7415,20.7616,103.492,0.1602,1.4297,1.5777,0.6071,27.9364,1.5614
Simu_29.MP4,simulation,70,24.4089,62.7727,183.5277,0.1935,1.6067,1.9656,2.0622,38.3476,0.5958,11.1501,26.358,97.6694,0.1838,1.3929,1.804,1.6981,30.345,2.0331
Simu_30.MP4,simulation,64,23.9635,61.2005,194.4544,0.2731,1.6433,1.6163,1.7097,43.8996,0.4818,11.7267,29.5363,100.6921,0.3011,1.769,1.5332,0.8072,28.2066,1.5093
Simu_31.MP4,simulation,68,20.6728,57.6248,194.8158,0.2065,1.6571,1.8749,2.6164,32.0018,0.4521,11.3027,28.4289,95.0308,0.1986,1.5909,1.8489,2.5098,28.7943,1.2123
Simu_32.MP4,simulation,72,17.4775,48.3047,196.5147,0.3185,1.4,1.1908,3.6784,28.7983,0.5101,13.3149,32.3241,98.4353,0.2761,1.6161,1.524,5.3509,28.475,1.4123
Simu_33.MP4,simulation,70,20.6685,53.6516,183.6984,0.2774,1.5036,1.6949,4.06,38.552,0.4804,13.5294,33.689,110.375,0.3016,1.6016,1.617,6.1193,31.1929,1.4235
Simu_34.MP4,simulation,67,18.3289,48.7666,188.5768,0.3098,1.2958,1.5284,2.4503,37.712,0.6192,12.9788,32.7048,100.3219,0.2728,1.5898,1.5106,2.6703,28.9554,1.7849
Simu_35.MP4,simulation,66,17.8546,50.2359,180.895,0.3255,1.4293,1.8038,3.0182,38.3279,0.6368,12.2497,32.2332,104.6389,0.2894,1.5739,1.9624,4.4882,30.16,1.5353
Simu_36.MP4,simulation,75,22.2699,60.4047,197.0206,0.2561,1.5011,1.596,2.4278,42.0955,0.7212,11.9348,29.3593,99.8488,0.261,1.4388,1.5546,3.0248,30.0184,1.9585
Simu_37.MP4,simulation,66,22.6874,60.62,196.3715,0.2256,1.989,1.8483,2.6566,42.2071,1.0684,11.391,29.4313,86.1643,0.2295,1.7154,1.7995,4.2954,31.61,2.9401
Simu_38.MP4,simulation,66,18.5886,53.318,169.5765,0.2707,1.3651,1.4894,3.0015,36.3814,0.8216,12.3011,31.0213,102.5838,0.2405,1.3652,1.4548,4.7089,27.5806,2.2284
Simu_39.MP4,simulation,66,21.0698,57.1691,200.9477,0.2696,1.3981,1.8665,3.0603,39.8686,0.565,12.5206,32.9359,104.8228,0.2761,1.3918,1.6687,4.5338,29.237,1.838
Simu_40.MP4,simulation,91,18.9972,51.0189,173.9235,0.3278,1.0003,1.5894,2.0914,38.1128,0.6602,13.219,33.7564,101.2333,0.3059,1.2851,1.7218,1.8217,27.7239,1.9123
Simu_41.MP4,simulation,79,22.937,61.7653,183.4358,0.2278,1.748,1.8684,1.9673,36.0683,0.6455,11.0201,27.0899,103.7861,0.2369,1.7238,1.6268,1.7179,29.776,1.9075
Simu_42.MP4,simulation,63,22.7995,61.8444,201.2508,0.2105,1.9278,1.6503,2.0871,37.1221,0.6714,10.9533,26.6273,109.4039,0.1971,1.6946,1.6241,1.9664,28.3892,2.7994
Simu_43.MP4,simulation,66,21.6875,59.0805,186.176,0.2385,1.6184,1.9294,2.3982,39.3456,0.7525,11.7328,28.7665,102.7397,0.232,1.4739,1.8459,3.4532,28.8682,2.0626
Simu_44.MP4,simulation,66,19.417,55.2243,199.4957,0.2744,1.5385,1.6021,2.4087,25.8434,0.6971,12.1427,31.9501,99.194,0.2334,1.3728,1.6781,3.1805,22.6362,2.0961
Simu_45.MP4,simulation,67,20.7257,55.8819,176.9072,0.3139,1.4696,1.5618,1.7629,42.8185,0.9716,12.5386,30.3062,104.2399,0.2716,1.5773,1.669,0.5669,27.9127,2.3346
Simu_46.MP4,simulation,61,21.0179,57.4782,187.0614,0.2911,1.6774,1.7035,2.192,33.1792,0.6716,12.0009,31.804,92.478,0.2907,1.5209,1.7888,2.599,26.3406,1.9361
Simu_47.MP4,simulation,65,23.3177,63.4618,175.3509,0.2423,1.5495,2.1454,2.5908,32.5702,0.8544,10.5853,26.9133,99.4045,0.2666,1.3512,1.8246,3.564,26.4909,2.2175
Simu_48.MP4,simulation,63,19.5918,54.9465,178.9089,0.2711,1.5264,1.4585,2.4891,32.3962,0.764,12.362,31.9994,96.2995,0.2462,1.3653,1.506,4.3603,28.624,2.2591
Simu_49.MP4,simulation,75,17.7079,49.8663,173.1548,0.3639,1.3231,1.4719,2.1015,39.1306,0.8164,12.7594,32.0748,97.8001,0.2913,1.3777,1.5276,1.7332,27.3426,1.9504
Simu_50.MP4,simulation,73,19.4835,54.9821,157.7424,0.3016,1.4219,1.6262,2.2596,36.1651,0.8783,12.0233,29.8945,101.9014,0.2884,1.4806,1.7923,2.785,29.4746,2.2275
Simu_51.MP4,simulation,67,20.4123,57.4757,185.9025,0.2652,1.4743,1.4794,3.5029,35.3059,0.476,11.3161,29.0908,97.4221,0.2643,1.3229,1.6146,4.8798,30.4709,1.2899
Simu_52.MP4,simulation,61,18.426,53.2712,178.7356,0.2762,1.3943,1.3552,2.4849,33.7166,0.582,11.7995,29.7207,91.5333,0.2435,1.3584,1.4372,2.6956,29.3846,1.5698
Simu_53.MP4,simulation,76,18.3603,50.2248,185.9846,0.2977,0.9101,1.6605,2.3384,34.2087,0.5548,12.7411,32.5713,98.4222,0.2899,1.2052,1.7498,2.1954,26.4615,1.6516
Simu_54.MP4,simulation,81,20.2273,57.9201,178.7428,0.2439,1.5206,1.5464,2.5887,37.7265,0.598,11.292,28.5531,106.2705,0.2316,1.4887,1.5142,3.5079,28.6884,1.6866
Simu_55.MP4,simulation,79,19.5814,53.4572,182.1116,0.2361,1.433,1.5216,2.9482,39.7145,0.577,12.4397,31.0462,97.1302,0.2098,1.4054,1.5153,4.2898,31.3515,1.6995
Simu_56.MP4,simulation,77,19.349,54.5563,179.3802,0.2857,1.3771,1.6869,2.4269,38.8357,0.7652,12.0466,30.5439,100.6892,0.2406,1.3553,1.6362,3.4807,30.1326,1.8581
Simu_57.MP4,simulation,79,20.7922,57.0434,162.0585,0.2833,1.4791,1.7369,3.2009,36.2611,0.6915,12.0326,30.3095,106.1173,0.2695,1.3231,1.8166,4.3025,31.6409,1.9703
Simu_58.MP4,simulation,99,17.7324,48.1208,186.827,0.328,1.151,1.6649,2.7671,34.7841,0.7921,13.1009,33.0976,97.6743,0.301,1.3226,1.7199,3.3422,31.1142,2.0321
Simu_59.MP4,simulation,79,19.7588,54.8465,176.335,0.2534,1.5935,1.4512,2.791,35.2113,0.8141,11.9242,29.6071,100.9683,0.2423,1.6582,1.4336,4.6784,27.5931,2.0614
Simu_60.MP4,simulation,88,15.9035,45.1636,154.6291,0.2229,1.3255,1.3862,2.0956,30.9595,0.7273,12.9649,33.7731,106.7051,0.1972,1.7098,1.6453,1.73,28.1522,1.941
Simu_61.MP4,simulation,71,24.7898,62.8783,194.2883,0.1741,1.9939,1.8359,1.5981,47.5486,0.4027,11.4889,27.4785,101.209,0.2069,1.7549,1.6419,0.5083,25.8477,1.2485
Simu_62.MP4,simulation,78,25.3711,63.3314,178.576,0.1961,2.015,1.6402,1.6637,47.6501,0.4422,10.7431,25.3095,97.1667,0.2145,1.8558,1.383,0.5885,25.909,1.2181
Simu_63.MP4,simulation,73,23.1661,57.4012,194.8109,0.237,1.3726,2.1339,1.6488,46.6863,0.4554,13.0208,31.9028,112.5504,0.3036,1.6037,2.1504,0.5887,28.4814,1.5212
Simu_64.MP4,simulation,77,25.8707,65.1498,171.0972,0.1936,2.2063,1.8302,1.7018,48.5768,0.4553,10.3373,24.8162,90.9707,0.2179,1.9192,1.8377,0.5093,27.7583,1.4325
Simu_65.MP4,simulation,84,23.2372,59.8579,186.9572,0.161,1.4794,1.5347,1.5872,44.039,0.5825,12.0972,29.642,108.234,0.1501,1.4224,1.5667,0.4665,28.9816,1.684
Simu_66.MP4,simulation,72,24.5759,63.0235,206.8882,0.2191,1.7518,1.6598,1.7039,50.6148,0.3817,10.9121,27.1224,96.1923,0.2613,1.6197,1.7167,0.5959,25.1729,1.3496
Simu_67.MP4,simulation,59,25.9296,64.0757,170.3741,0.1801,1.7786,2.0013,1.5671,51.285,0.5153,10.8144,24.96,95.315,0.1986,1.4749,1.9307,0.4593,28.1819,1.4293
Simu_68.MP4,simulation,82,23.1173,60.4733,177.2689,0.2014,1.5178,1.6389,1.7337,48.437,0.3722,11.9755,28.7598,105.4019,0.2155,1.5546,1.6448,0.4574,25.8664,1.2526
Simu_69.MP4,simulation,68,25.3728,66.7125,185.8064,0.2027,2.0527,1.8782,1.7995,37.7875,0.3411,9.8173,24.9285,96.9546,0.232,1.692,1.7117,0.5768,29.9395,1.216
Simu_70.MP4,simulation,62,24.997,64.3483,199.8546,0.2259,1.8761,1.6065,1.7903,41.6417,0.3905,10.3265,25.461,105.2588,0.2793,1.6866,1.4981,0.7286,27.9916,1.2989
Simu_71.MP4,simulation,66,23.8276,59.4037,182.5104,0.2144,1.6456,2.0284,1.6115,37.8283,0.314,11.859,28.4261,99.6238,0.2555,1.6063,1.9424,0.5069,26.9917,1.0643
Simu_72.MP4,simulation,67,23.0459,59.9569,178.6823,0.2631,1.4715,1.7829,1.7634,39.2164,0.3593,11.7844,29.7219,98.5798,0.2969,1.5854,1.5548,0.552,28.1052,1.1905
Simu_73.MP4,simulation,65,25.3477,66.4351,176.3377,0.2074,1.5746,1.9815,1.6178,41.7516,0.2676,10.1293,25.4934,88.0693,0.2751,1.4851,1.8401,0.3641,28.8043,0.9051
Simu_74.MP4,simulation,78,24.4028,63.4611,196.7226,0.2161,1.5315,1.7867,1.7317,38.822,0.4047,10.4809,25.6242,97.6151,0.2497,1.5022,1.5338,0.6152,31.0756,1.3022
Simu_75.MP4,simulation,66,23.9388,61.3377,190.5425,0.2152,1.743,1.4991,1.7277,43.9117,0.4179,11.5661,26.1676,93.9247,0.2469,1.7285,1.3673,0.5434,28.0463,1.3183
Simu_76.MP4,simulation,61,26.8659,66.8111,191.9087,0.178,1.8265,2.0875,1.8047,44.3883,0.4183,10.0826,24.1535,93.2979,0.2097,1.3445,1.5738,0.7105,27.4672,1.4682
Simu_77.MP4,simulation,66,24.2022,62.0737,186.6842,0.2222,1.755,1.7713,1.7789,37.5069,0.6155,10.6781,25.9995,106.6536,0.2577,1.7557,1.4973,0.5292,29.6613,1.9425
Simu_78.MP4,simulation,77,21.5151,56.5403,195.9307,0.2604,1.6319,1.7048,1.7983,37.524,0.3248,12.9016,32.681,106.4931,0.2932,1.588,1.7439,0.6283,27.8568,1.1813
Simu_79.MP4,simulation,70,24.7115,64.4659,183.352,0.2356,1.707,1.5845,1.6535,47.2978,0.4193,10.7653,25.4169,102.8829,0.2412,1.659,1.4744,0.4902,27.3451,1.391
Simu_80.MP4,simulation,70,26.6127,68.0985,179.7916,0.1849,1.9584,2.1982,1.6134,47.0132,0.3821,9.182,22.3119,92.5781,0.2211,1.4008,1.832,0.4467,27.4722,1.4083
Simu_81.MP4,simulation,67,24.6423,62.7867,177.209,0.2417,1.8562,1.9506,1.6204,42.351,1.7422,11.3551,27.0054,95.3162,0.2656,1.7876,1.4936,0.4843,26.6442,10.2479
Simu_82.MP4,simulation,60,24.6089,64.8403,188.5149,0.1841,1.5766,2.2075,1.8465,38.944,0.5711,10.2369,26.1116,104.5814,0.1989,1.4297,1.7476,0.6445,27.8073,2.0179
Simu_83.MP4,simulation,64,23.0682,58.4063,175.9918,0.2549,1.8822,2.0416,1.7433,36.4354,0.4502,12.7856,31.0161,102.4102,0.2792,1.6803,2.0663,0.6612,27.4732,1.6375
Simu_84.MP4,simulation,62,25.2783,63.9735,195.3804,0.2056,1.7565,2.0804,1.7947,32.1293,0.4454,11.0506,26.5384,102.658,0.2432,1.3849,1.8829,0.719,24.8243,1.5672
Simu_85.MP4,simulation,85,23.8957,60.6237,179.1823,0.2118,1.7073,2.1805,1.7277,37.4713,0.5169,11.7548,29.0234,111.3934,0.2705,1.5012,2.0387,0.6166,28.2574,1.5538
Simu_86.MP4,simulation,75,24.0275,62.4039,203.7354,0.2024,1.4833,1.7452,1.8346,39.5933,0.4475,10.7262,25.6201,95.4722,0.2202,1.3108,1.461,0.6677,30.085,1.4172
Simu_87.MP4,simulation,58,20.8435,54.2287,180.7074,0.3135,1.572,1.8325,1.7286,44.1175,0.4154,13.3804,33.5761,106.4187,0.3111,1.5217,1.9219,0.5842,26.4203,1.3003
Simu_88.MP4,simulation,80,24.6858,63.4718,200.2753,0.2395,1.6019,1.7364,1.6462,45.1748,0.3872,11.1378,27.401,105.4831,0.2672,1.4367,1.4818,0.5519,27.6408,1.1753
Simu_89.MP4,simulation,50,25.3075,64.3672,195.4862,0.1701,1.7346,1.7175,1.7328,43.4373,0.6892,10.3085,26.23,100.5032,0.1626,1.3854,1.5242,0.5936,27.6954,2.1587
Simu_90.MP4,simulation,60,25.4869,65.5757,201.3301,0.2194,1.9958,2.5422,1.7045,36.8032,0.4472,10.1672,24.9576,105.7502,0.253,1.4551,2.0403,0.5748,28.305,1.5159
Simu_91.MP4,simulation,72,24.3902,63.5154,185.5674,0.2359,1.8922,1.7738,1.7722,40.6406,0.3712,11.1901,28.5038,103.7867,0.2704,1.5933,1.6465,0.6102,28.9156,1.258
Simu_92.MP4,simulation,65,0.0267,0.2635,183.0498,0.3477,0.0034,0.0042,1.1106,83.6649,0,0.0183,0.1991,97.7185,0.2271,0.0036,0.0042,0.0002,0.1466,0.0003
Simu_93.MP4,simulation,65,25.6313,65.3499,196.4939,0.2009,1.8127,1.627,1.65,41.2646,0.3385,10.552,24.6374,95.0427,0.2419,1.6465,1.6081,0.4459,27.9245,1.1807
Simu_94.MP4,simulation,99,0.0277,0.2064,134.1978,0.4692,0.0021,0.0036,1.6586,77.0147,0.0074,0.0288,0.2236,114.6156,0.2639,0.0027,0.0059,2.8144,18.5294,0.1351
Simu_95.MP4,simulation,99,19.8073,54.962,175.1857,0.268,1.5322,1.6699,2.7955,39.3648,0.9156,12.2542,31.7103,100.4787,0.2723,1.5914,1.5818,4.025,29.0246,2.6345
Simu_96.MP4,simulation,71,0.1598,1.0025,155.8609,0.4402,0.0055,0.0226,1.9474,78.5036,0.0057,1.0432,5.9902,105.5646,0.2752,0.0241,0.1496,3.7636,16.4588,0.1144
Simu_97.MP4,simulation,69,24.5674,65.6847,210.2698,0.1763,1.6604,1.7427,4.0839,34.9377,0.676,9.708,24.3301,108.6049,0.156,1.5958,1.4737,6.4837,30.3211,2.0929
Simu_98.MP4,simulation,72,0.0282,0.2,142.949,0.5196,0.0021,0.0037,2.0352,77.4335,0.001,0.0305,0.2205,110.1091,0.2763,0.0029,0.0052,3.7686,18.7443,0.0451
Simu_99.MP4,simulation,72,21.4877,56.6869,170.3243,0.3027,1.5865,1.4881,4.5306,32.8649,0.615,12.6065,31.0414,97.8388,0.2967,1.6229,1.5127,6.7293,27.4884,1.7348
Simu_100.MP4,simulation,67,0.0359,0.3411,142.1859,0.4228,0.0041,0.0065,1.4585,79.2139,0.0029,0.048,0.7796,112.7911,0.2428,0.0141,0.018,2.2443,13.3942,0.0793
